<?xml version="1.0" encoding="UTF-8"?>
<entity-mappings xmlns="https://jakarta.ee/xml/ns/persistence/orm"
                 version="3.0">

    <entity class="entities.LocationEntity">
        <table name="location" schema="weatherlady" catalog=""/>
        <attributes>
            <id name="locationId">
                <column name="location_id" precision="-1"/>
            </id>
            <basic name="latitude">
                <column name="latitude" precision="-1"/>
            </basic>
            <basic name="longitude">
                <column name="longitude" precision="-1"/>
            </basic>
            <basic name="cityName">
                <column name="city_name" length="50"/>
            </basic>
            <basic name="countryName">
                <column name="country_name" length="50"/>
            </basic>
        </attributes>
    </entity>
</entity-mappings>
