<?xml version="1.0" encoding="UTF-8"?>
<entity-mappings xmlns="https://jakarta.ee/xml/ns/persistence/orm"
                 version="3.0">

    <entity class="entities.WeatherEntity">
        <table name="weather" schema="weatherlady" catalog=""/>
        <attributes>
            <id name="weatherId">
                <column name="weather_id" precision="-1"/>
            </id>
            <basic name="temperature">
                <column name="temperature" precision="-1"/>
            </basic>
            <basic name="pressure">
                <column name="pressure" precision="-1"/>
            </basic>
            <basic name="humidity">
                <column name="humidity" precision="-1"/>
            </basic>
            <basic name="windDirection">
                <column name="wind_direction" precision="-1"/>
            </basic>
            <basic name="windSpeed">
                <column name="wind_speed" precision="-1"/>
            </basic>
            <basic name="weatherDate">
                <column name="weather_date" precision="-1"/>
            </basic>
            <many-to-one name="locationByLocationId" optional="true" target-entity="entities.LocationEntity">
                <join-column name="location_id" referenced-column-name="location_id"/>
            </many-to-one>
        </attributes>
    </entity>
</entity-mappings>
